{"stats":{"minecraft:dropped":{"minecraft:wheat_seeds":1,"minecraft:cobblestone":4,"minecraft:coal":2,"minecraft:mushroom_stew":12,"minecraft:dark_oak_log":12,"minecraft:rose_bush":1},"minecraft:crafted":{"minecraft:oak_planks":36,"minecraft:crafting_table":1,"minecraft:wooden_pickaxe":1,"minecraft:bowl":16,"minecraft:mushroom_stew":17,"minecraft:stone_axe":3,"minecraft:stick":8,"minecraft:stone_pickaxe":1,"minecraft:stone_sword":1,"minecraft:dark_oak_planks":12},"minecraft:custom":{"minecraft:mob_kills":5,"minecraft:interact_with_crafting_table":6,"minecraft:leave_game":3,"minecraft:time_since_death":1242,"minecraft:time_since_rest":1289,"champions:champion_mobs_killed":6,"minecraft:sprint_one_cm":21477,"minecraft:damage_taken":720,"minecraft:walk_one_cm":163402,"minecraft:drop":32,"minecraft:damage_dealt":829,"minecraft:swim_one_cm":7114,"minecraft:fly_one_cm":28983,"minecraft:crouch_one_cm":23029,"minecraft:play_time":41189,"minecraft:deaths":1,"minecraft:sneak_time":7417,"minecraft:walk_under_water_one_cm":5071,"minecraft:jump":431,"minecraft:walk_on_water_one_cm":3964,"minecraft:total_world_time":41189,"minecraft:fall_one_cm":9502},"minecraft:mined":{"minecraft:dark_oak_leaves":9,"minecraft:dark_oak_log":47,"minecraft:crafting_table":6,"minecraft:granite":4,"minecraft:grass_block":5,"minecraft:rose_bush":1,"minecraft:mushroom_stem":19,"minecraft:brown_mushroom_block":90,"minecraft:lapis_ore":5,"minecraft:diorite":3,"minecraft:birch_log":17,"minecraft:birch_leaves":1,"minecraft:grass":3,"minecraft:oak_log":9,"minecraft:coal_ore":3,"minecraft:dirt":14,"minecraft:red_mushroom_block":70,"minecraft:stone":71,"minecraft:oak_leaves":2},"minecraft:used":{"minecraft:stone_sword":10,"minecraft:stone_pickaxe":66,"minecraft:baked_potato":1,"minecraft:wooden_pickaxe":20,"minecraft:rotten_flesh":2,"minecraft:dirt":15,"minecraft:crafting_table":6,"minecraft:mushroom_stew":1,"minecraft:stone_axe":258,"minecraft:oak_sapling":5,"alexsmobs:animal_dictionary":1,"minecraft:cooked_beef":1,"minecraft:dark_oak_sapling":5},"minecraft:picked_up":{"minecraft:birch_log":17,"minecraft:crafting_table":6,"minecraft:cooked_beef":1,"minecraft:leather_leggings":1,"minecraft:brown_mushroom":29,"minecraft:red_mushroom":23,"minecraft:mushroom_stew":6,"minecraft:oak_log":9,"minecraft:lapis_lazuli":32,"minecraft:dirt":19,"minecraft:bone":4,"minecraft:wheat_seeds":2,"minecraft:rose_bush":1,"minecraft:birch_sapling":6,"minecraft:dark_oak_sapling":5,"minecraft:stick":10,"minecraft:torch":1,"minecraft:diorite":2,"minecraft:dark_oak_log":50,"dannys_expansion:gel":2,"minecraft:arrow":4,"minecraft:rotten_flesh":2,"minecraft:granite":4,"minecraft:baked_potato":1,"minecraft:oak_sapling":5,"minecraft:coal":4,"minecraft:cobblestone":71},"minecraft:broken":{"minecraft:stone_axe":2},"minecraft:killed":{"dannys_expansion:mundane_slime":4,"minecraft:skeleton":1,"minecraft:zombie":1}},"DataVersion":2975}