{"stats":{"minecraft:custom":{"minecraft:jump":39,"minecraft:time_since_rest":5232,"champions:champion_mobs_killed":1,"minecraft:damage_dealt":20,"minecraft:crouch_one_cm":157,"minecraft:sprint_one_cm":472,"minecraft:leave_game":2,"minecraft:play_time":5232,"minecraft:damage_taken":50,"minecraft:time_since_death":5232,"minecraft:walk_one_cm":10049,"minecraft:sneak_time":65,"minecraft:total_world_time":5232,"minecraft:mob_kills":1,"minecraft:fall_one_cm":418,"minecraft:fly_one_cm":1244},"minecraft:mined":{"minecraft:dark_oak_leaves":2},"minecraft:used":{"minecraft:baked_potato":1},"minecraft:picked_up":{"minecraft:stick":1,"minecraft:rotten_flesh":2,"minecraft:baked_potato":1},"minecraft:killed":{"minecraft:zombie":1}},"DataVersion":2975}