{"stats":{"minecraft:broken":{"minecraft:iron_leggings":1,"minecraft:stone_axe":1},"minecraft:killed_by":{"minecraft:zombie":1},"minecraft:dropped":{"minecraft:wheat_seeds":2,"minecraft:crafting_table":1,"minecraft:iron_helmet":1,"minecraft:apple":1,"minecraft:tropical_fish":1,"minecraft:mushroom_stew":6,"minecraft:stick":2,"minecraft:stone_axe":1,"minecraft:sugar_cane":5,"minecraft:rotten_flesh":2,"minecraft:enchanted_golden_apple":128,"minecraft:iron_chestplate":1,"minecraft:azalea":1,"minecraft:spruce_log":3,"minecraft:arrow":6,"minecraft:wooden_pickaxe":2},"minecraft:mined":{"minecraft:dark_oak_leaves":1,"minecraft:deepslate_diamond_ore":1,"minecraft:end_stone":4,"minecraft:cave_vines_plant":1,"minecraft:grass_block":1,"minecraft:brown_mushroom_block":41,"minecraft:spruce_leaves":11,"minecraft:spawner":1,"minecraft:furnace":2,"minecraft:iron_ore":58,"minecraft:andesite":2,"minecraft:cave_vines":4,"minecraft:stone":86,"minecraft:crafting_table":5,"minecraft:short_grass":1,"minecraft:mushroom_stem":13,"minecraft:cobblestone":3,"minecraft:lapis_ore":4,"minecraft:sugar_cane":2,"minecraft:diorite":1,"minecraft:wall_torch":1,"minecraft:spruce_log":41,"minecraft:coal_ore":90,"minecraft:dirt":9,"minecraft:cobweb":29,"minecraft:red_mushroom_block":45,"minecraft:gold_ore":5,"minecraft:deepslate":2},"minecraft:custom":{"minecraft:mob_kills":16,"minecraft:interact_with_crafting_table":15,"minecraft:leave_game":2,"minecraft:time_since_death":7980,"minecraft:damage_resisted":20036,"minecraft:sprint_one_cm":140360,"minecraft:walk_one_cm":195505,"minecraft:damage_blocked_by_shield":360,"minecraft:drop":27,"minecraft:play_time":66985,"minecraft:deaths":7,"minecraft:sneak_time":9317,"minecraft:walk_under_water_one_cm":11485,"minecraft:jump":916,"minecraft:walk_on_water_one_cm":5316,"minecraft:total_world_time":66985,"minecraft:interact_with_furnace":13,"minecraft:time_since_rest":8014,"minecraft:damage_taken":2803,"minecraft:damage_dealt":17444,"minecraft:swim_one_cm":4364,"minecraft:fly_one_cm":545502,"minecraft:player_kills":2,"minecraft:open_chest":1,"minecraft:crouch_one_cm":23966,"minecraft:fall_one_cm":77214},"minecraft:used":{"minecraft:stone_sword":65,"minecraft:shield":6,"minecraft:rotten_flesh":3,"minecraft:torch":83,"minecraft:dirt":96,"minecraft:obsidian":26,"minecraft:wooden_axe":3,"minecraft:bedrock":2,"minecraft:diamond_chestplate":1,"minecraft:furnace":2,"minecraft:cobbled_deepslate":3,"minecraft:enchanted_golden_apple":1,"minecraft:iron_leggings":1,"minecraft:brown_bed":1,"minecraft:diorite":1,"minecraft:stone_pickaxe":76,"minecraft:ender_pearl":1,"minecraft:wooden_pickaxe":16,"minecraft:diamond_axe":3,"minecraft:spruce_fence_gate":1,"minecraft:glow_berries":5,"minecraft:rail":1,"minecraft:crafting_table":6,"minecraft:mushroom_stew":4,"minecraft:black_bed":14,"minecraft:end_stone":1,"minecraft:ender_eye":5,"minecraft:diamond_pickaxe":4,"minecraft:apple":1,"minecraft:iron_pickaxe":164,"minecraft:stone_axe":137,"minecraft:cobblestone":17,"minecraft:andesite":2,"minecraft:bucket":1},"minecraft:killed":{"minecraft:wither":5,"minecraft:skeleton":1,"minecraft:fox":3,"minecraft:zombie":7},"minecraft:picked_up":{"minecraft:wooden_axe":1,"minecraft:crafting_table":7,"minecraft:iron_chestplate":3,"minecraft:clay_ball":106,"minecraft:brown_mushroom":10,"minecraft:wooden_pickaxe":4,"minecraft:brown_bed":1,"minecraft:amethyst_block":4,"minecraft:string":38,"minecraft:iron_leggings":2,"minecraft:cobbled_deepslate":4,"minecraft:spruce_planks":58,"minecraft:calcite":3,"minecraft:azalea":3,"minecraft:iron_pickaxe":2,"minecraft:sugar_cane":15,"minecraft:egg":1,"minecraft:furnace":3,"minecraft:iron_boots":1,"minecraft:stick":6,"minecraft:raw_iron":75,"minecraft:end_stone":4,"minecraft:big_dripleaf":3,"minecraft:torch":2,"minecraft:bowl":4,"minecraft:diorite":1,"minecraft:redstone":14,"minecraft:stone_sword":2,"minecraft:arrow":14,"minecraft:rotten_flesh":8,"minecraft:tropical_fish":1,"minecraft:obsidian":64,"minecraft:glow_berries":14,"minecraft:cobblestone":89,"minecraft:rail":1,"minecraft:water_bucket":1,"minecraft:andesite":2,"minecraft:black_bed":1,"minecraft:red_mushroom":17,"minecraft:bedrock":3,"minecraft:lapis_lazuli":109,"minecraft:dirt":326,"minecraft:bone":2,"minecraft:apple":3,"minecraft:bow":1,"minecraft:wheat_seeds":3,"minecraft:raw_gold":10,"minecraft:iron_ingot":31,"minecraft:smooth_basalt":2,"minecraft:axolotl_bucket":1,"minecraft:gravel":3,"minecraft:sand":8,"minecraft:spruce_sapling":6,"minecraft:spruce_log":77,"minecraft:dragon_egg":2,"minecraft:diamond":17,"minecraft:stone_axe":3,"minecraft:iron_helmet":3,"minecraft:coal":105,"minecraft:nether_star":5,"minecraft:ender_pearl":2,"minecraft:diamond_pickaxe":1},"minecraft:crafted":{"minecraft:furnace":1,"minecraft:mushroom_stew":10,"minecraft:iron_boots":1,"minecraft:stone_pickaxe":1,"minecraft:diamond_axe":1,"minecraft:crafting_table":2,"minecraft:spruce_planks":96,"minecraft:iron_helmet":1,"minecraft:wooden_pickaxe":1,"minecraft:bowl":8,"minecraft:bucket":1,"minecraft:stone_axe":2,"minecraft:air":0,"minecraft:iron_chestplate":1,"minecraft:shield":1,"minecraft:stick":40,"minecraft:iron_pickaxe":1,"minecraft:iron_ingot":40,"minecraft:stone_sword":1,"minecraft:iron_leggings":1,"minecraft:torch":92,"minecraft:diamond_chestplate":1}},"DataVersion":3700}