{"stats":{"minecraft:dropped":{"minecraft:cooked_beef":1,"minecraft:dark_oak_sapling":1,"minecraft:rose_bush":1},"minecraft:crafted":{"minecraft:cooked_beef":4,"minecraft:stick":12,"minecraft:iron_ingot":1,"minecraft:wooden_pickaxe":1,"minecraft:stone_pickaxe":1,"minecraft:stone_sword":1,"minecraft:furnace":1,"minecraft:dark_oak_planks":40,"minecraft:stone_axe":1,"minecraft:air":0},"minecraft:custom":{"minecraft:time_since_rest":26199,"champions:champion_mobs_killed":2,"minecraft:interact_with_furnace":7,"minecraft:sprint_one_cm":33434,"minecraft:damage_taken":130,"minecraft:walk_one_cm":84896,"minecraft:mob_kills":3,"minecraft:drop":3,"minecraft:damage_dealt":359,"minecraft:interact_with_crafting_table":3,"minecraft:fly_one_cm":3776,"minecraft:crouch_one_cm":1066,"minecraft:play_time":26199,"minecraft:sneak_time":1056,"minecraft:jump":134,"minecraft:leave_game":2,"minecraft:time_since_death":26199,"minecraft:total_world_time":26199,"minecraft:fall_one_cm":1920},"minecraft:mined":{"minecraft:furnace":1,"minecraft:dark_oak_leaves":7,"minecraft:iron_ore":5,"minecraft:dark_oak_log":79,"minecraft:crafting_table":1,"minecraft:granite":7,"minecraft:coal_ore":18,"minecraft:rose_bush":1,"minecraft:red_mushroom_block":18,"minecraft:stone":48},"minecraft:used":{"minecraft:rose_bush":1,"minecraft:stone_sword":7,"minecraft:dark_oak_log":1,"minecraft:stone_pickaxe":21,"minecraft:wooden_pickaxe":59,"minecraft:stone_axe":92,"minecraft:dirt":1,"minecraft:oak_sapling":1,"minecraft:furnace":1,"alexsmobs:animal_dictionary":2,"minecraft:cooked_beef":2},"minecraft:picked_up":{"minecraft:raw_iron":5,"minecraft:dark_oak_sapling":1,"minecraft:stick":2,"minecraft:crafting_table":1,"minecraft:red_mushroom":10,"minecraft:mushroom_stew":4,"minecraft:dark_oak_log":75,"minecraft:dirt":1,"minecraft:bone":2,"minecraft:arrow":2,"minecraft:beef":3,"minecraft:granite":7,"minecraft:rose_bush":2,"minecraft:oak_sapling":1,"minecraft:coal":21,"minecraft:cobblestone":48,"minecraft:furnace":1},"minecraft:broken":{"minecraft:wooden_pickaxe":1},"minecraft:killed":{"dannys_expansion:mundane_slime":1,"minecraft:skeleton":1,"minecraft:cow":1}},"DataVersion":2975}