{"stats":{"minecraft:dropped":{"minecraft:bowl":1,"minecraft:netherite_sword":1,"minecraft:ender_dragon_spawn_egg":1,"minecraft:clay_ball":4,"minecraft:bedrock":4,"minecraft:yellow_bed":1,"minecraft:oak_stairs":1,"minecraft:iron_bars":7},"minecraft:killed_by":{"minecraft:player":2},"minecraft:custom":{"minecraft:interact_with_furnace":46,"minecraft:mob_kills":8,"minecraft:interact_with_crafting_table":15,"minecraft:leave_game":2,"minecraft:time_since_death":1013,"minecraft:climb_one_cm":638,"minecraft:time_since_rest":1188,"minecraft:sprint_one_cm":66205,"minecraft:damage_taken":1456,"minecraft:walk_one_cm":260836,"minecraft:damage_blocked_by_shield":1715,"minecraft:drop":17,"minecraft:damage_dealt":1200,"minecraft:swim_one_cm":4075,"minecraft:player_kills":1,"minecraft:fly_one_cm":148203,"minecraft:open_chest":2,"minecraft:crouch_one_cm":1076,"minecraft:play_time":57456,"minecraft:deaths":9,"minecraft:sneak_time":1451,"minecraft:walk_under_water_one_cm":7586,"minecraft:jump":546,"minecraft:walk_on_water_one_cm":8674,"minecraft:total_world_time":57456,"minecraft:fall_one_cm":8152},"minecraft:mined":{"minecraft:deepslate_redstone_ore":3,"minecraft:deepslate_diamond_ore":7,"minecraft:clay":1,"minecraft:torch":2,"minecraft:cave_vines_plant":3,"minecraft:grass_block":5,"minecraft:tall_grass":2,"minecraft:cobblestone":1,"minecraft:spruce_leaves":7,"minecraft:lapis_ore":7,"minecraft:deepslate_gold_ore":3,"minecraft:redstone_ore":7,"minecraft:iron_ore":40,"minecraft:spruce_log":23,"minecraft:andesite":2,"minecraft:coal_ore":18,"minecraft:cave_vines":16,"minecraft:deepslate_iron_ore":2,"minecraft:dirt":14,"minecraft:cobweb":8,"minecraft:stone":22,"minecraft:deepslate":2},"minecraft:used":{"minecraft:water_bucket":1,"minecraft:netherite_sword":10,"minecraft:stone_sword":63,"minecraft:tropical_fish":3,"minecraft:stone_pickaxe":47,"minecraft:wooden_pickaxe":48,"minecraft:shield":59,"minecraft:cooked_chicken":1,"minecraft:rotten_flesh":7,"minecraft:torch":11,"minecraft:glow_berries":28,"minecraft:dirt":16,"minecraft:mushroom_stew":4,"minecraft:spruce_button":10,"minecraft:iron_pickaxe":33,"minecraft:iron_boots":1,"minecraft:spruce_sapling":2,"minecraft:bedrock":3,"minecraft:stone_axe":22,"minecraft:cobblestone":6,"minecraft:end_crystal":2,"minecraft:sweet_berries":6,"minecraft:bucket":3,"minecraft:andesite":4,"minecraft:yellow_bed":20,"minecraft:cobbled_deepslate":2,"minecraft:iron_leggings":2},"minecraft:killed":{"minecraft:bat":1,"minecraft:ender_dragon":1,"minecraft:skeleton":1,"minecraft:zombie":3,"minecraft:chicken":1,"minecraft:tropical_fish":1},"minecraft:picked_up":{"minecraft:iron_chestplate":2,"minecraft:chicken":1,"minecraft:clay_ball":4,"minecraft:water_bucket":3,"minecraft:andesite":4,"minecraft:mushroom_stew":4,"minecraft:bedrock":2,"minecraft:tuff":6,"minecraft:shield":1,"minecraft:dirt":16,"minecraft:lapis_lazuli":83,"minecraft:string":46,"minecraft:iron_leggings":3,"minecraft:bow":1,"minecraft:netherite_sword":1,"minecraft:cobbled_deepslate":2,"minecraft:raw_gold":6,"minecraft:spruce_planks":46,"minecraft:stone_pickaxe":3,"minecraft:iron_ingot":12,"minecraft:iron_pickaxe":1,"minecraft:iron_boots":1,"minecraft:stick":4,"minecraft:raw_iron":42,"minecraft:sweet_berries":6,"minecraft:big_dripleaf":6,"minecraft:torch":2,"minecraft:bowl":1,"minecraft:spruce_sapling":4,"minecraft:spruce_log":33,"minecraft:redstone":44,"minecraft:rotten_flesh":7,"minecraft:diamond":6,"minecraft:tropical_fish":3,"minecraft:iron_helmet":1,"minecraft:obsidian":41,"minecraft:glow_berries":34,"minecraft:iron_bars":7,"minecraft:coal":18,"minecraft:cobblestone":28},"minecraft:crafted":{"minecraft:spruce_planks":28,"minecraft:spruce_button":10,"minecraft:wooden_pickaxe":1,"minecraft:iron_helmet":1,"minecraft:cooked_chicken":1,"minecraft:bucket":2,"minecraft:stone_axe":1,"minecraft:air":0,"minecraft:iron_boots":1,"minecraft:iron_chestplate":1,"minecraft:shield":1,"minecraft:stick":12,"minecraft:iron_ingot":53,"minecraft:iron_pickaxe":1,"minecraft:stone_pickaxe":1,"minecraft:stone_sword":1,"minecraft:iron_leggings":1,"minecraft:torch":12}},"DataVersion":3700}