{"stats":{"minecraft:crafted":{"minecraft:cooked_beef":4,"minecraft:crafting_table":2,"minecraft:stick":8,"minecraft:iron_ingot":1,"minecraft:stone_pickaxe":1,"minecraft:stone_sword":1,"minecraft:furnace":1,"minecraft:dark_oak_planks":68,"minecraft:torch":8,"minecraft:stone_axe":1,"minecraft:air":0},"minecraft:custom":{"minecraft:time_since_rest":26913,"minecraft:interact_with_furnace":8,"champions:champion_mobs_killed":3,"minecraft:sprint_one_cm":33580,"minecraft:damage_taken":212,"minecraft:walk_one_cm":35781,"minecraft:mob_kills":6,"minecraft:damage_dealt":626,"minecraft:interact_with_crafting_table":3,"minecraft:fly_one_cm":18530,"minecraft:crouch_one_cm":1448,"minecraft:play_time":26913,"minecraft:sneak_time":709,"minecraft:walk_under_water_one_cm":4159,"minecraft:jump":160,"minecraft:walk_on_water_one_cm":1705,"minecraft:leave_game":4,"minecraft:time_since_death":26913,"minecraft:total_world_time":26913,"minecraft:fall_one_cm":5774},"minecraft:used":{"minecraft:stone_pickaxe":44,"minecraft:torch":2,"minecraft:stone_axe":63,"minecraft:crafting_table":3,"minecraft:furnace":1,"minecraft:mushroom_stew":2,"minecraft:cooked_beef":1},"minecraft:mined":{"minecraft:dark_oak_leaves":7,"minecraft:dark_oak_log":4,"minecraft:birch_leaves":4,"minecraft:crafting_table":1,"minecraft:grass_block":1,"minecraft:coal_ore":21,"minecraft:dirt":1,"minecraft:mushroom_stem":5,"minecraft:red_mushroom_block":48,"minecraft:stone":23},"minecraft:picked_up":{"minecraft:crafting_table":1,"minecraft:leather":3,"minecraft:red_mushroom":15,"minecraft:mushroom_stew":2,"minecraft:dark_oak_log":17,"minecraft:dirt":1,"dannys_expansion:gel":2,"minecraft:beef":5,"minecraft:coal":19,"minecraft:cobblestone":27},"minecraft:killed":{"dannys_expansion:mundane_slime":2,"minecraft:skeleton":1,"minecraft:cow":2}},"DataVersion":2975}