{"stats":{"minecraft:killed_by":{"minecraft:player":1},"minecraft:dropped":{"minecraft:iron_ingot":2,"minecraft:stone_axe":1,"minecraft:sweet_berries":6,"minecraft:wheat_seeds":1,"minecraft:bowl":4,"minecraft:glow_berries":1,"minecraft:azalea":1,"minecraft:arrow":6,"minecraft:wooden_pickaxe":1},"minecraft:mined":{"minecraft:tuff":3,"minecraft:deepslate_diamond_ore":8,"minecraft:crafting_table":1,"minecraft:torch":1,"minecraft:cave_vines_plant":12,"minecraft:short_grass":3,"minecraft:grass_block":5,"minecraft:calcite":3,"minecraft:tall_grass":1,"minecraft:spruce_leaves":2,"minecraft:wall_torch":1,"minecraft:amethyst_block":4,"minecraft:redstone_ore":3,"minecraft:iron_ore":51,"minecraft:sweet_berry_bush":18,"minecraft:spruce_log":19,"minecraft:andesite":2,"minecraft:deepslate_lapis_ore":1,"minecraft:coal_ore":47,"minecraft:cave_vines":18,"minecraft:deepslate_iron_ore":9,"minecraft:gravel":2,"minecraft:dirt":19,"minecraft:cobweb":9,"minecraft:smooth_basalt":2,"minecraft:azalea":1,"minecraft:stone":40,"minecraft:deepslate":7,"minecraft:fern":1},"minecraft:custom":{"minecraft:interact_with_furnace":45,"minecraft:mob_kills":19,"minecraft:interact_with_crafting_table":14,"minecraft:leave_game":2,"minecraft:time_since_death":767,"minecraft:time_since_rest":825,"minecraft:sprint_one_cm":196534,"minecraft:damage_taken":1070,"minecraft:walk_one_cm":84364,"minecraft:damage_blocked_by_shield":855,"minecraft:drop":15,"minecraft:damage_dealt":2801,"minecraft:swim_one_cm":4801,"minecraft:fly_one_cm":367193,"minecraft:crouch_one_cm":2235,"minecraft:play_time":60229,"minecraft:deaths":9,"minecraft:sneak_time":1970,"minecraft:walk_under_water_one_cm":2074,"minecraft:aviate_one_cm":149039,"minecraft:jump":867,"minecraft:walk_on_water_one_cm":8368,"minecraft:total_world_time":60229,"minecraft:fall_one_cm":22057},"minecraft:used":{"minecraft:water_bucket":2,"minecraft:stone_sword":61,"minecraft:tropical_fish":2,"minecraft:stone_pickaxe":63,"minecraft:wooden_pickaxe":15,"minecraft:spruce_planks":22,"minecraft:shield":14,"minecraft:blue_bed":1,"minecraft:rotten_flesh":2,"minecraft:torch":32,"minecraft:glow_berries":19,"minecraft:dirt":27,"minecraft:magenta_bed":2,"minecraft:crafting_table":4,"minecraft:mushroom_stew":2,"minecraft:wooden_axe":8,"minecraft:ender_eye":22,"minecraft:apple":1,"minecraft:firework_rocket":15,"minecraft:cyan_bed":3,"minecraft:iron_pickaxe":104,"minecraft:bedrock":39,"minecraft:stone_axe":20,"minecraft:cobblestone":2,"minecraft:sweet_berries":29,"minecraft:furnace":4,"minecraft:bucket":3,"minecraft:end_portal_frame":5,"minecraft:cobbled_deepslate":5,"minecraft:brown_bed":4},"minecraft:killed":{"minecraft:spider":1,"minecraft:skeleton":7,"minecraft:zombie":7,"minecraft:tropical_fish":2},"minecraft:picked_up":{"minecraft:crafting_table":1,"minecraft:iron_chestplate":1,"minecraft:clay_ball":55,"minecraft:water_bucket":1,"minecraft:andesite":2,"minecraft:mushroom_stew":2,"minecraft:bedrock":1,"minecraft:tuff":3,"minecraft:amethyst_block":4,"minecraft:dirt":27,"minecraft:lapis_lazuli":33,"minecraft:string":37,"minecraft:iron_leggings":1,"minecraft:bone":8,"minecraft:apple":1,"minecraft:wheat_seeds":1,"minecraft:cobbled_deepslate":7,"minecraft:raw_gold":5,"minecraft:spruce_planks":48,"minecraft:iron_ingot":9,"minecraft:calcite":3,"minecraft:azalea":1,"minecraft:iron_pickaxe":1,"minecraft:furnace":1,"minecraft:stick":2,"minecraft:raw_iron":65,"minecraft:smooth_basalt":2,"minecraft:sweet_berries":35,"minecraft:big_dripleaf":3,"minecraft:torch":4,"minecraft:bowl":2,"minecraft:gravel":3,"minecraft:spruce_sapling":2,"minecraft:spruce_log":39,"minecraft:redstone":14,"minecraft:stone_sword":1,"minecraft:arrow":6,"minecraft:rotten_flesh":5,"minecraft:diamond":10,"minecraft:tropical_fish":2,"minecraft:stone_axe":1,"minecraft:iron_helmet":1,"minecraft:glow_berries":20,"minecraft:coal":46,"minecraft:cobblestone":42},"minecraft:crafted":{"minecraft:crafting_table":3,"minecraft:spruce_planks":100,"minecraft:wooden_pickaxe":1,"minecraft:iron_helmet":1,"minecraft:furnace":4,"minecraft:bucket":1,"minecraft:stone_axe":1,"minecraft:air":0,"minecraft:iron_boots":1,"minecraft:iron_chestplate":1,"minecraft:shield":1,"minecraft:stick":20,"minecraft:iron_ingot":34,"minecraft:iron_pickaxe":1,"minecraft:stone_pickaxe":1,"minecraft:wooden_axe":1,"minecraft:stone_sword":1,"minecraft:iron_leggings":1,"minecraft:torch":28}},"DataVersion":3700}